Day Index,Users,New Users,Number of Sessions per User,Sessions,Avg. Session Duration,Bounce Rate,Pageviews,Pages / Session
1/1/13,"67,283","17,706",1.05,"68,825",0:01:46,80.00%,"82,590",1.15
1/2/13,"123,942","53,118",1.03,N/A,0:01:25,72.22%,N/A,1.44
1/3/13,"194,766","88,530",1.13,N/A,0:01:05,77.42%,N/A,1.31
1/4/13,"237,261","123,942",1.09,N/A,0:02:09,87.67%,N/A,1.15
1/5/13,"134,566","60,200",1.13,N/A,0:01:35,76.74%,N/A,1.26
1/6/13,"145,189","74,365",1.1,N/A,0:01:25,86.67%,N/A,1.27
1/7/13,"283,296","92,071",1.15,N/A,0:01:15,81.52%,N/A,1.5
1/8/13,"336,414","177,060",1.12,N/A,0:01:08,80.19%,N/A,1.27
1/9/13,"343,497","198,307",1.13,N/A,0:00:43,87.27%,N/A,1.15
1/10/13,"396,615","226,637",1.15,N/A,0:01:04,83.72%,N/A,1.32
1/11/13,"350,579","201,849",1.09,N/A,0:00:47,89.81%,N/A,1.23
1/12/13,"180,601","84,989",1.18,N/A,0:00:30,88.33%,N/A,1.15
1/13/13,"141,648","63,742",1.12,N/A,0:01:34,84.44%,N/A,1.24
1/14/13,"212,472","84,989",1.13,N/A,0:01:05,86.76%,N/A,1.25
1/15/13,"240,802","92,071",1.15,N/A,0:02:36,73.08%,N/A,1.56
1/16/13,"262,049","102,695",1.2,N/A,0:01:46,78.65%,N/A,1.64
1/17/13,"311,626","166,437",1.2,N/A,0:00:48,82.08%,N/A,1.35
1/18/13,"470,980","283,296",1.08,N/A,0:01:16,84.62%,N/A,1.29
1/19/13,"216,013","99,154",1.18,N/A,0:01:43,83.33%,N/A,1.21
1/20/13,"226,637","138,107",1.11,N/A,0:01:51,87.32%,N/A,1.13
1/21/13,"240,802","131,024",1.13,N/A,0:01:07,84.42%,N/A,1.26
1/22/13,"251,425","120,401",1.17,N/A,0:00:49,78.31%,N/A,1.47
1/23/13,"403,697","212,472",1.22,N/A,0:01:43,73.38%,N/A,1.55
1/24/13,"301,002","145,189",1.14,N/A,0:01:13,85.57%,N/A,1.29
1/25/13,"244,343","113,318",1.2,N/A,0:00:54,85.54%,N/A,1.34
1/26/13,"219,555","84,989",1.23,N/A,0:02:37,76.32%,N/A,1.49
1/27/13,"233,719","120,401",1.3,N/A,0:00:44,82.56%,N/A,1.26
1/28/13,"226,637","106,236",1.2,N/A,0:01:49,77.92%,N/A,1.44
1/29/13,"233,719","84,989",1.29,N/A,0:00:42,83.53%,N/A,1.26
1/30/13,"290,379","113,318",1.24,N/A,0:02:21,76.47%,N/A,1.48
1/31/13,"272,673","102,695",1.18,N/A,0:01:10,83.52%,N/A,1.21
2/1/13,"173,519","53,118",1.37,N/A,0:02:27,80.60%,N/A,2.1
2/2/13,"212,472","95,612",1.13,N/A,0:00:58,82.35%,N/A,1.41
2/3/13,"159,354","74,365",1.18,N/A,0:02:25,84.91%,N/A,2.09
2/4/13,"364,744","184,143",1.17,N/A,0:00:38,87.50%,N/A,1.16
2/5/13,"375,367","187,684",1.19,N/A,0:02:10,73.02%,N/A,1.43
2/6/13,"297,461","127,483",1.25,N/A,0:02:27,73.33%,N/A,1.59
2/7/13,"432,027","233,719",1.15,N/A,0:00:52,85.71%,N/A,1.24
2/8/13,"385,991","194,766",1.2,N/A,0:01:50,82.44%,N/A,1.38
2/9/13,"212,472","74,365",1.17,N/A,0:01:04,85.71%,N/A,1.19
2/10/13,"442,650","269,131",1.07,N/A,0:00:45,88.81%,N/A,1.31
2/11/13,"339,955","173,519",1.14,N/A,0:00:42,90.83%,N/A,1.11
2/12/13,"304,543","148,731",1.13,N/A,0:00:56,79.38%,N/A,1.35
2/13/13,"378,909","194,766",1.17,N/A,0:01:36,76.00%,N/A,1.25
2/14/13,"339,955","141,648",1.16,N/A,0:01:22,78.38%,N/A,1.4
2/15/13,"736,570","446,192",1.12,N/A,0:00:53,84.55%,N/A,1.16
2/16/13,"513,474","322,249",1.15,N/A,0:01:05,86.83%,N/A,1.23
2/17/13,"410,780","254,967",1.13,N/A,0:01:31,87.79%,N/A,1.27
2/18/13,"640,958","361,203",1.13,N/A,0:02:56,82.35%,N/A,1.26
2/19/13,"701,158","442,650",1.13,N/A,0:00:35,85.71%,N/A,1.29
2/20/13,"1,628,953","1,072,984",1.08,N/A,0:01:26,85.14%,N/A,1.26
2/21/13,"1,551,047","1,080,067",1.1,N/A,0:01:38,85.42%,N/A,1.16
2/22/13,"927,795","605,546",1.11,N/A,0:01:10,82.13%,N/A,1.24
2/23/13,"453,274","262,049",1.07,N/A,0:00:42,86.86%,N/A,1.13
2/24/13,"371,826","240,802",1.05,N/A,0:00:46,90.91%,N/A,1.24
2/25/13,"591,381","308,085",1.1,N/A,0:00:54,88.52%,N/A,1.19
2/26/13,"531,180","304,543",1.18,N/A,0:00:50,84.75%,N/A,1.3
2/27/13,"488,686","233,719",1.08,N/A,0:04:12,82.55%,N/A,1.25
2/28/13,"432,027","216,013",1.1,N/A,0:01:16,79.10%,N/A,1.25
3/1/13,"343,497","180,601",1.12,N/A,0:01:20,80.73%,N/A,1.28
3/2/13,"233,719","123,942",1.12,N/A,0:02:38,89.19%,N/A,1.84
3/3/13,"272,673","152,272",1.17,N/A,0:01:35,80.00%,N/A,1.47
3/4/13,"885,301","478,062",1.11,N/A,0:01:21,87.00%,N/A,1.2
3/5/13,"704,699","375,367",1.14,N/A,0:01:27,87.67%,N/A,1.36
3/6/13,"725,947","361,203",1.08,N/A,0:02:45,55.20%,N/A,1.38
3/7/13,"757,817","400,156",1.08,N/A,0:04:49,0.00%,N/A,1.37
3/8/13,"555,969","244,343",1.11,N/A,0:05:04,0.00%,N/A,1.43
3/9/13,"400,156","187,684",1.12,N/A,0:04:23,0.00%,N/A,1.19
3/10/13,"283,296","169,978",1.07,N/A,0:08:53,0.00%,N/A,1.12
3/11/13,"389,532","194,766",1.04,N/A,0:05:00,0.00%,N/A,1.39
3/12/13,"378,909","169,978",1.06,N/A,0:08:42,0.00%,N/A,1.21
3/13/13,"502,851","223,096",1.13,N/A,0:11:36,0.62%,N/A,1.41
3/14/13,"417,862","166,437",1.1,N/A,0:05:50,0.77%,N/A,1.22
3/15/13,"410,780","180,601",1.19,N/A,0:03:54,0.00%,N/A,1.53
3/16/13,"393,073","177,060",1.14,N/A,0:02:01,0.00%,N/A,1.4
3/17/13,"410,780","205,390",1.21,N/A,0:02:15,0.00%,N/A,1.76
3/18/13,"640,958","364,744",1.14,N/A,0:01:17,0.00%,N/A,1.36
3/19/13,"520,557","308,085",1.12,N/A,0:01:46,0.00%,N/A,1.49
3/20/13,"456,815","201,849",1.16,N/A,0:01:18,0.00%,N/A,1.28
3/21/13,"757,817","385,991",1.11,N/A,0:01:41,0.00%,N/A,1.36
3/22/13,"888,842","474,521",1.1,N/A,0:00:38,0.00%,N/A,1.17
3/23/13,"718,864","403,697",1.05,N/A,0:00:33,0.00%,N/A,1.23
3/24/13,"524,098","269,131",1.16,N/A,0:02:36,0.00%,N/A,1.51
3/25/13,"616,169","279,755",1.07,N/A,0:01:45,0.00%,N/A,2.53
3/26/13,"630,334","332,873",1.18,N/A,0:01:42,0.00%,N/A,1.55
3/27/13,"931,336","432,027",1.12,N/A,0:02:23,0.00%,N/A,1.31
3/28/13,"725,947","347,038",1.22,N/A,0:02:11,0.00%,N/A,1.32
3/29/13,"686,993","262,049",1.15,N/A,0:02:31,0.00%,N/A,1.34
3/30/13,"506,392","251,425",1.15,N/A,0:04:42,0.00%,N/A,1.45
3/31/13,"545,345","240,802",1.08,N/A,0:04:04,0.00%,N/A,1.32
4/1/13,"552,428","237,261",1.13,N/A,0:02:16,0.00%,N/A,1.25
4/2/13,"517,016","198,307",1.22,N/A,0:03:32,0.00%,N/A,1.55
4/3/13,"605,546","237,261",1.15,N/A,0:03:11,0.00%,N/A,1.21
4/4/13,"573,675","269,131",1.17,N/A,0:03:04,0.00%,N/A,1.17
4/5/13,"715,323","322,249",1.15,N/A,0:02:17,0.00%,N/A,1.58
4/6/13,"495,768","247,884",1.16,N/A,0:02:35,0.62%,N/A,1.1
4/7/13,"439,109","201,849",1.19,N/A,0:08:34,0.00%,N/A,1.44
4/8/13,"725,947","276,214",1.2,N/A,0:03:57,0.00%,N/A,1.29
4/9/13,"633,875","262,049",1.12,N/A,0:04:42,0.00%,N/A,1.31
4/10/13,"538,263","230,178",1.13,N/A,0:04:08,0.00%,N/A,1.35
4/11/13,"481,604","177,060",1.18,N/A,0:03:03,0.00%,N/A,1.48
4/12/13,"609,087","244,343",1.11,N/A,0:12:58,0.00%,N/A,1.23
4/13/13,"414,321","191,225",1.12,N/A,0:03:08,0.00%,N/A,1.11
4/14/13,"332,873","113,318",1.14,N/A,0:04:38,0.00%,N/A,1.16
4/15/13,"357,661","131,024",1.16,N/A,0:15:53,0.00%,N/A,1.6
4/16/13,"587,840","276,214",1.06,N/A,0:03:39,0.00%,N/A,1.24
4/17/13,"2,099,933","1,455,434",1.08,N/A,0:04:43,0.00%,N/A,1.3
4/18/13,"1,366,904","757,817",1.08,N/A,0:05:48,0.48%,N/A,1.11
4/19/13,"810,935","467,439",1.07,N/A,0:07:59,0.00%,N/A,1.23
4/20/13,"669,287","329,332",1.16,N/A,0:02:22,0.00%,N/A,1.17
4/21/13,"428,486","198,307",1.12,N/A,0:03:15,0.00%,N/A,1.6
4/22/13,"499,310","191,225",1.14,N/A,0:03:01,0.00%,N/A,1.25
4/23/13,"573,675","272,673",1.15,N/A,0:04:34,0.00%,N/A,1.16
4/24/13,"587,840","230,178",1.14,N/A,0:05:35,0.53%,N/A,1.17
4/25/13,"825,100","403,697",1.1,N/A,0:05:34,0.00%,N/A,1.35
4/26/13,"881,759","453,274",1.09,N/A,0:05:07,0.00%,N/A,1.16
4/27/13,"612,628","354,120",1.1,N/A,0:08:01,0.00%,N/A,1.24
4/28/13,"524,098","262,049",1.16,N/A,0:06:06,0.00%,N/A,1.12
4/29/13,"980,913","442,650",1.17,N/A,0:04:10,0.00%,N/A,1.33
4/30/13,"729,488","315,167",1.14,N/A,0:04:28,0.00%,N/A,1.26
5/1/13,"662,205","258,508",1.11,N/A,0:04:44,0.00%,N/A,1.22
5/2/13,"1,023,408","538,263",1.1,N/A,0:04:35,0.00%,N/A,1.2
5/3/13,"941,960","474,521",1.06,N/A,0:05:51,0.00%,N/A,1.29
5/4/13,"485,145","208,931",1.08,N/A,0:03:37,0.00%,N/A,1.23
5/5/13,"446,192","201,849",1.06,N/A,0:06:23,0.00%,N/A,1.2
5/6/13,"658,664","290,379",1.1,N/A,0:06:50,0.00%,N/A,1.21
5/7/13,"775,523","357,661",1.11,N/A,0:04:37,0.00%,N/A,1.19
5/8/13,"800,312","336,414",1.11,N/A,0:04:42,0.00%,N/A,1.26
5/9/13,"2,531,960","1,586,459",1.08,N/A,0:03:55,0.13%,N/A,1.1
5/10/13,"1,869,755","1,172,138",1.04,N/A,0:05:05,0.18%,N/A,1.12
5/11/13,"697,617","393,073",1.11,N/A,0:06:19,0.00%,N/A,1.17
5/12/13,"357,661","169,978",1.12,N/A,0:09:11,0.00%,N/A,1.35
5/13/13,"775,523","350,579",1.12,N/A,0:04:59,0.00%,N/A,1.19
5/14/13,"980,913","456,815",1.07,N/A,0:02:41,0.00%,N/A,1.32
5/15/13,"1,767,060","1,002,160",1.1,N/A,0:03:33,0.00%,N/A,1.19
5/16/13,"1,335,033","655,122",1.08,N/A,0:04:17,0.25%,N/A,1.25
5/17/13,"662,205","318,708",1.12,N/A,0:03:49,0.00%,N/A,1.19
5/18/13,"456,815","230,178",1.09,N/A,0:02:51,0.00%,N/A,1.26
5/19/13,"832,183","318,708",1.19,N/A,0:03:15,0.00%,N/A,1.28
5/20/13,"1,891,002","1,069,443",1.09,N/A,0:05:51,0.00%,N/A,1.13
5/21/13,"7,425,902","5,619,889",1.07,N/A,0:12:02,0.00%,N/A,1.13
5/22/13,"4,408,797","3,151,670",1.08,N/A,0:09:47,0.00%,N/A,1.14
5/23/13,"2,025,568","1,200,468",1.07,N/A,0:10:26,0.00%,N/A,1.17
5/24/13,"1,080,067","566,592",1.11,N/A,0:09:26,0.00%,N/A,1.26
5/25/13,"662,205","290,379",1.12,N/A,0:03:52,0.00%,N/A,1.13
5/26/13,"499,310","216,013",1.13,N/A,0:05:56,0.00%,N/A,1.06
5/27/13,"513,474","194,766",1.17,N/A,0:07:33,1.18%,N/A,1.08
5/28/13,"531,180","226,637",1.15,N/A,0:04:48,0.00%,N/A,1.33
5/29/13,"598,463","240,802",1.14,N/A,0:07:39,0.00%,N/A,1.32
5/30/13,"860,512","449,733",1.09,N/A,0:04:32,0.00%,N/A,1.14
5/31/13,"3,155,212","1,657,283",1.08,N/A,0:10:45,0.10%,N/A,1.28
6/1/13,"2,078,686","1,218,174",1.06,N/A,0:10:01,0.00%,N/A,1.1
6/2/13,"998,619","485,145",1.09,N/A,0:07:04,0.00%,N/A,1.37
6/3/13,"839,265","382,450",1.11,N/A,0:06:30,0.00%,N/A,1.2
6/4/13,"764,900","343,497",1.09,N/A,0:04:36,0.00%,N/A,1.25
6/5/13,"903,007","492,227",1.08,N/A,0:08:05,0.73%,N/A,1.2
6/6/13,"1,012,784","488,686",1.08,N/A,0:04:05,0.32%,N/A,1.27
6/7/13,"1,508,552","701,158",1.08,N/A,0:05:00,0.00%,N/A,1.12
6/8/13,"1,136,726","495,768",1.08,N/A,0:06:45,0.29%,N/A,1.14
6/9/13,"917,171","439,109",1.1,N/A,0:05:39,0.00%,N/A,1.19
6/10/13,"917,171","368,285",1.12,N/A,0:09:07,0.00%,N/A,1.35
6/11/13,"1,154,432","488,686",1.13,N/A,0:03:56,0.27%,N/A,1.24
6/12/13,"1,119,020","517,016",1.09,N/A,0:06:04,0.00%,N/A,1.24
6/13/13,"1,072,984","502,851",1.14,N/A,0:05:16,0.29%,N/A,1.35
6/14/13,"708,241","262,049",1.12,N/A,0:04:17,0.44%,N/A,1.28
6/15/13,"630,334","308,085",1.13,N/A,0:04:09,0.00%,N/A,1.19
6/16/13,"594,922","208,931",1.11,N/A,0:05:42,0.00%,N/A,1.21
6/17/13,"619,710","251,425",1.14,N/A,0:08:04,1.00%,N/A,1.28
6/18/13,"899,465","343,497",1.16,N/A,0:05:24,0.00%,N/A,1.15
6/19/13,"910,089","364,744",1.14,N/A,0:06:42,0.68%,N/A,1.33
6/20/13,"1,696,236","846,347",1.09,N/A,0:05:16,0.00%,N/A,1.21
6/21/13,"1,572,294","842,806",1.08,N/A,0:03:57,0.00%,N/A,1.16
6/22/13,"832,183","396,615",1.09,N/A,0:05:42,0.00%,N/A,1.17
6/23/13,"609,087","269,131",1.16,N/A,0:04:04,0.00%,N/A,1.21
6/24/13,"963,207","354,120",1.17,N/A,0:06:03,0.31%,N/A,1.2
6/25/13,"1,271,292","605,546",1.11,N/A,0:11:03,7.54%,N/A,1.22
6/26/13,"1,696,236","832,183",1.11,N/A,0:09:42,9.23%,N/A,1.42
6/27/13,"1,324,410","602,004",1.11,N/A,0:09:27,13.04%,N/A,1.22
6/28/13,"1,250,045","520,557",1.13,N/A,0:08:43,10.25%,N/A,1.15
6/29/13,"980,913","488,686",1.12,N/A,0:09:15,14.56%,N/A,1.17
6/30/13,"814,477","389,532",1.12,N/A,0:05:50,14.79%,N/A,1.13
7/1/13,"991,537","382,450",1.14,N/A,0:10:52,13.17%,N/A,1.23
7/2/13,"1,140,267","442,650",1.14,N/A,0:04:06,12.50%,N/A,1.18
7/3/13,"1,285,457","580,757",1.09,N/A,0:05:49,12.34%,N/A,1.32
7/4/13,"885,301","332,873",1.16,N/A,0:05:30,11.76%,N/A,1.24
7/5/13,"722,405","301,002",1.14,N/A,0:06:14,14.59%,N/A,1.2
7/6/13,"552,428","216,013",1.07,N/A,0:14:16,11.98%,N/A,1.24
7/7/13,"616,169","230,178",1.14,N/A,0:04:28,17.59%,N/A,1.26
7/8/13,"1,274,833","559,510",1.13,N/A,0:05:06,12.78%,N/A,1.18
7/9/13,"4,692,094","2,726,726",1.08,N/A,0:05:09,13.47%,N/A,1.17
7/10/13,"2,471,759","1,370,445",1.06,N/A,0:05:04,10.77%,N/A,1.16
7/11/13,"1,423,563","725,947",1.07,N/A,0:06:20,12.06%,N/A,1.26
7/12/13,"1,111,938","481,604",1.13,N/A,0:06:06,11.52%,N/A,1.23
7/13/13,"892,383","339,955",1.1,N/A,0:03:35,13.04%,N/A,1.2
7/14/13,"878,218","364,744",1.13,N/A,0:04:42,10.75%,N/A,1.2
7/15/13,"1,115,479","481,604",1.13,N/A,0:04:38,15.45%,N/A,1.17
7/16/13,"1,837,884","832,183",1.14,N/A,0:06:09,8.78%,N/A,1.28
7/17/13,"1,565,212","757,817",1.11,N/A,0:09:37,12.07%,N/A,1.17
7/18/13,"1,296,080","602,004",1.11,N/A,0:09:11,14.32%,N/A,1.6
7/19/13,"1,267,751","587,840",1.13,N/A,0:05:46,17.73%,N/A,1.32
7/20/13,"973,831","463,898",1.12,N/A,0:04:52,14.61%,N/A,1.63
7/21/13,"1,072,984","509,933",1.15,N/A,0:05:43,16.67%,N/A,1.14
7/22/13,"1,536,882","694,076",1.1,N/A,0:04:48,12.94%,N/A,1.21
7/23/13,"1,763,519","860,512",1.15,N/A,0:04:10,12.24%,N/A,1.23
7/24/13,"1,331,492","626,793",1.11,N/A,0:04:09,16.51%,N/A,1.29
7/25/13,"1,175,679","474,521",1.12,N/A,0:03:11,13.75%,N/A,1.29
7/26/13,"1,101,314","456,815",1.1,N/A,0:03:01,14.33%,N/A,1.17
7/27/13,"725,947","368,285",1.12,N/A,0:07:36,12.66%,N/A,1.3
7/28/13,"747,194","269,131",1.12,N/A,0:07:18,16.88%,N/A,1.25
7/29/13,"903,007","389,532",1.18,N/A,0:03:43,18.67%,N/A,1.42
7/30/13,"1,143,808","417,862",1.15,N/A,0:05:23,14.48%,N/A,1.51
7/31/13,"1,430,646","630,334",1.1,N/A,0:03:37,12.36%,N/A,1.24
8/1/13,"1,115,479","435,568",1.1,N/A,0:07:20,9.28%,N/A,1.23
8/2/13,"1,175,679","534,722",1.14,N/A,0:06:03,13.76%,N/A,1.16
8/3/13,"846,347","357,661",1.17,N/A,0:06:17,14.29%,N/A,1.25
8/4/13,"715,323","230,178",1.18,N/A,0:05:46,13.81%,N/A,1.26
8/5/13,"959,666","393,073",1.14,N/A,0:04:46,12.30%,N/A,1.38
8/6/13,"1,133,185","449,733",1.12,N/A,0:03:48,13.41%,N/A,1.31
8/7/13,"1,611,247","740,111",1.12,N/A,0:03:33,14.90%,N/A,1.37
8/8/13,"1,505,011","658,664",1.11,N/A,0:03:55,14.38%,N/A,1.14
8/9/13,"1,483,764","733,029",1.1,N/A,0:04:22,13.07%,N/A,1.16
8/10/13,"892,383","385,991",1.09,N/A,0:06:18,15.64%,N/A,1.51
8/11/13,"771,982","332,873",1.12,N/A,0:03:08,13.11%,N/A,1.29
8/12/13,"1,016,325","485,145",1.13,N/A,0:05:24,13.58%,N/A,1.44
8/13/13,"1,317,327","694,076",1.11,N/A,0:05:46,11.17%,N/A,1.35
8/14/13,"1,618,330","708,241",1.1,N/A,0:04:37,13.75%,N/A,1.26
8/15/13,"2,099,933","1,175,679",1.13,N/A,0:05:33,10.76%,N/A,1.2
8/16/13,"1,830,802","895,924",1.09,N/A,0:02:56,13.65%,N/A,1.18
8/17/13,"949,042","428,486",1.08,N/A,0:08:01,13.84%,N/A,1.11
8/18/13,"892,383","432,027",1.1,N/A,0:03:46,15.83%,N/A,1.27
8/19/13,"888,842","332,873",1.19,N/A,0:04:53,12.37%,N/A,1.36
8/20/13,"1,129,644","485,145",1.16,N/A,0:03:28,16.44%,N/A,1.31
8/21/13,"1,228,797","517,016",1.11,N/A,0:04:20,14.29%,N/A,1.23
8/22/13,"1,285,457","559,510",1.1,N/A,0:03:59,15.79%,N/A,1.33
8/23/13,"1,310,245","488,686",1.15,N/A,0:07:08,15.57%,N/A,1.43
8/24/13,"1,179,220","492,227",1.08,N/A,0:05:05,15.51%,N/A,1.15
8/25/13,"970,290","371,826",1.11,N/A,0:08:07,13.49%,N/A,1.18
8/26/13,"1,009,243","435,568",1.09,N/A,0:06:00,14.42%,N/A,1.28
8/27/13,"1,108,396","456,815",1.11,N/A,0:07:52,13.54%,N/A,1.42
8/28/13,"1,696,236","750,735",1.11,N/A,0:06:06,15.25%,N/A,1.28
8/29/13,"1,575,835","701,158",1.11,N/A,0:06:55,11.79%,N/A,1.39
8/30/13,"1,667,906","764,900",1.11,N/A,0:04:10,14.01%,N/A,1.28
8/31/13,"1,519,176","662,205",1.11,N/A,0:05:20,13.21%,N/A,1.23
9/1/13,"1,830,802","888,842",1.1,N/A,0:03:27,12.52%,N/A,1.16
9/2/13,"1,919,332","952,584",1.07,N/A,0:04:52,11.07%,N/A,1.21
9/3/13,"1,646,659","757,817",1.12,N/A,0:06:13,13.63%,N/A,1.34
9/4/13,"2,832,962","1,423,563",1.07,N/A,0:05:02,11.48%,N/A,1.22
9/5/13,"3,105,635","1,607,706",1.09,N/A,0:06:00,13.65%,N/A,1.15
9/6/13,"1,731,648","825,100",1.1,N/A,0:08:29,17.81%,N/A,1.21
9/7/13,"1,366,904","669,287",1.1,N/A,0:07:36,13.41%,N/A,1.38
9/8/13,"931,336","410,780",1.13,N/A,0:05:12,17.57%,N/A,1.41
9/9/13,"1,338,575","552,428",1.15,N/A,0:06:10,13.63%,N/A,1.39
9/10/13,"2,932,116","1,441,269",1.09,N/A,0:05:16,11.92%,N/A,1.17
9/11/13,"3,704,098","2,174,298",1.07,N/A,0:06:32,10.38%,N/A,1.16
9/12/13,"2,446,971","1,331,492",1.09,N/A,0:06:39,11.64%,N/A,1.33
9/13/13,"1,604,165","655,122",1.08,N/A,0:08:57,15.95%,N/A,1.13
9/14/13,"1,540,423","612,628",1.1,N/A,0:04:51,14.38%,N/A,1.34
9/15/13,"1,458,976","580,757",1.1,N/A,0:04:54,15.86%,N/A,1.33
9/16/13,"2,199,087","853,430",1.12,N/A,0:06:07,14.63%,N/A,1.27
9/17/13,"3,286,236","1,352,739",1.12,N/A,0:07:35,13.39%,N/A,1.21
9/18/13,"2,723,185","1,221,715",1.09,N/A,0:07:16,14.49%,N/A,1.38
9/19/13,"2,415,100","1,009,243",1.1,N/A,0:05:53,16.82%,N/A,1.24
9/20/13,"2,266,370","1,048,196",1.12,N/A,0:05:15,17.43%,N/A,1.3
9/21/13,"1,558,129","655,122",1.15,N/A,0:08:04,16.93%,N/A,1.31
9/22/13,"1,370,445","527,639",1.13,N/A,0:04:29,17.16%,N/A,1.28
9/23/13,"1,742,272","637,416",1.12,N/A,0:06:33,14.94%,N/A,1.36
9/24/13,"1,728,107","733,029",1.08,N/A,0:04:04,19.51%,N/A,1.2
9/25/13,"2,174,298","963,207",1.12,N/A,0:05:32,18.37%,N/A,1.27
9/26/13,"2,857,751","1,168,597",1.14,N/A,0:05:49,12.38%,N/A,1.24
9/27/13,"2,730,267","1,172,138",1.09,N/A,0:06:19,11.41%,N/A,1.14
9/28/13,"1,990,156","885,301",1.12,N/A,0:08:26,10.94%,N/A,1.35
9/29/13,"1,834,343","782,606",1.08,N/A,0:09:27,9.43%,N/A,1.19
9/30/13,"2,613,408","1,051,737",1.14,N/A,0:07:11,11.22%,N/A,1.2
10/1/13,"2,659,443","1,179,220",1.08,N/A,0:09:36,9.96%,N/A,1.29
10/2/13,"2,478,842","1,069,443",1.08,N/A,0:09:52,10.54%,N/A,1.21
10/3/13,"1,795,390","729,488",1.08,N/A,0:05:29,13.55%,N/A,1.23
10/4/13,"1,674,989","640,958",1.11,N/A,0:08:09,10.82%,N/A,1.41
10/5/13,"1,526,258","584,298",1.12,N/A,0:05:59,10.58%,N/A,1.26
10/6/13,"1,441,269","626,793",1.09,N/A,0:06:23,8.78%,N/A,1.19
10/7/13,"1,738,731","704,699",1.11,N/A,0:07:12,10.81%,N/A,1.2
10/8/13,"2,762,138","1,122,561",1.11,N/A,0:05:06,9.67%,N/A,1.17
10/9/13,"3,930,735","1,809,555",1.11,N/A,0:05:34,10.53%,N/A,1.22
10/10/13,"3,385,390","1,586,459",1.1,N/A,0:03:31,11.14%,N/A,1.33
10/11/13,"2,815,256","1,281,915",1.07,N/A,0:03:56,13.47%,N/A,1.2
10/12/13,"1,536,882","619,710",1.12,N/A,0:05:30,13.35%,N/A,1.26
10/13/13,"1,628,953","591,381",1.1,N/A,0:04:19,15.78%,N/A,1.24
10/14/13,"1,958,285","803,853",1.1,N/A,0:04:42,14.94%,N/A,1.24
10/15/13,"2,478,842","1,104,855",1.1,N/A,0:05:11,12.82%,N/A,1.21
10/16/13,"3,098,552","1,285,457",1.12,N/A,0:06:26,12.50%,N/A,1.31
10/17/13,"3,027,728","1,296,080",1.09,N/A,0:07:16,9.97%,N/A,1.2
10/18/13,"2,252,205","949,042",1.11,N/A,0:06:56,11.21%,N/A,1.25
10/19/13,"1,306,704","534,722",1.14,N/A,0:06:20,15.20%,N/A,1.29
10/20/13,"1,604,165","669,287",1.13,N/A,0:04:28,13.23%,N/A,1.31
10/21/13,"1,685,612","633,875",1.1,N/A,0:06:16,11.28%,N/A,1.29
10/22/13,"1,646,659","658,664",1.08,N/A,0:05:26,13.29%,N/A,1.32
10/23/13,"1,990,156","835,724",1.15,N/A,0:06:08,13.49%,N/A,1.34
10/24/13,"1,791,849","803,853",1.13,N/A,0:04:58,14.19%,N/A,1.25
10/25/13,"1,979,532","818,018",1.12,N/A,0:06:10,13.58%,N/A,1.25
10/26/13,"1,104,855","421,403",1.15,N/A,0:05:38,15.92%,N/A,1.21
10/27/13,"1,150,891","396,615",1.16,N/A,0:06:57,14.55%,N/A,1.45
10/28/13,"1,997,238","718,864",1.16,N/A,0:05:11,12.98%,N/A,1.41
10/29/13,"2,117,639","747,194",1.14,N/A,0:05:08,13.38%,N/A,1.28
10/30/13,"7,192,183","3,636,815",1.12,N/A,0:04:33,8.84%,N/A,1.2
10/31/13,"6,788,486","3,976,771",1.07,N/A,0:03:35,7.92%,N/A,1.21
11/1/13,"4,277,773","1,915,791",1.1,N/A,0:05:59,11.49%,N/A,1.27
11/2/13,"2,404,477","1,083,608",1.12,"2,689,687",0:05:10,11.86%,"3,771,619",1.49
11/3/13,"2,312,405","963,207",1.19,"2,739,241",0:04:32,12.53%,"3,496,318",1.31
11/4/13,"3,236,659","1,384,610",1.08,"3,482,553",0:04:58,12.60%,"4,564,485",1.34
11/5/13,"3,792,628","1,646,659",1.1,"4,176,311",0:04:38,11.78%,"5,318,808",1.24
11/6/13,"6,969,087","3,530,579",1.1,"7,689,147",0:04:59,12.06%,"9,517,143",1.25
11/7/13,"9,483,341","4,872,695",1.1,"10,406,364",0:05:23,14.12%,"12,352,740",1.19
11/8/13,"8,123,519","4,008,641",1.1,"8,897,717",0:05:43,13.53%,"11,061,580",1.26
11/9/13,"5,258,686","2,446,971",1.09,"5,748,277",0:05:41,13.98%,"6,989,883",1.22
11/10/13,"3,714,722","1,604,165",1.1,"4,077,202",0:05:31,16.84%,"4,864,562",1.2
11/11/13,"4,012,183","1,625,412",1.14,"4,569,991",0:05:29,15.49%,"5,913,458",1.28
11/12/13,"4,773,541","1,922,873",1.12,"5,360,103",0:06:45,15.06%,"6,816,444",1.26
11/13/13,"4,405,256","1,891,002",1.08,"4,776,466",0:05:25,18.68%,"5,638,157",1.16
11/14/13,"3,534,120","1,462,517",1.12,"3,958,823",0:05:13,18.34%,"5,142,616",1.31
11/15/13,"2,843,586","977,372",1.13,"3,198,993",0:04:48,18.36%,"4,074,449",1.27
11/16/13,"2,553,207","1,051,737",1.12,"2,854,868",0:07:48,17.37%,"3,515,589",1.2
11/17/13,"3,374,766","1,590,000",1.12,"3,763,360",0:05:25,20.04%,"4,250,642",1.13
11/18/13,"5,471,158","2,939,198",1.08,"5,929,976",0:04:01,16.42%,"7,113,768",1.2
11/19/13,"9,401,893","4,723,964",1.1,"10,359,563",0:03:39,23.31%,"12,129,746",1.16
11/20/13,"8,945,078","4,635,434",1.09,"9,729,125",0:04:54,27.37%,"11,317,609",1.17
11/21/13,"6,193,564","2,847,127",1.09,"6,775,149",0:04:34,24.83%,"8,033,273",1.18
11/22/13,"4,780,624","2,149,510",1.11,"5,307,796",0:04:45,24.22%,"6,271,349",1.19
11/23/13,"4,741,670","2,131,804",1.11,"5,241,724",0:03:42,22.48%,"6,125,439",1.17
11/24/13,"4,359,221","1,912,249",1.12,"4,859,056",0:05:09,21.49%,"5,723,500",1.2
11/25/13,"4,968,307","2,156,592",1.1,"5,489,495",0:03:27,21.68%,"6,392,481",1.17
11/26/13,"5,942,138","2,716,102",1.12,"6,623,733",0:01:57,28.65%,"7,779,996",1.18
11/27/13,"4,585,857","2,110,557",1.09,"5,004,966",0:02:04,32.96%,"5,885,928",1.16
11/28/13,"2,443,430","1,119,020",1.09,"2,673,169",0:03:05,32.32%,"3,135,674",1.16
11/29/13,"1,919,332","828,641",1.12,"2,155,604",0:02:15,32.35%,"2,623,615",1.23
11/30/13,"2,216,793","1,005,702",1.1,"2,439,164",0:01:54,30.77%,"3,058,590",1.18
12/1/13,"2,478,842","970,290",1.1,"2,739,241",0:02:09,34.67%,"3,243,042",1.19
12/2/13,"3,102,094","1,299,621",1.14,"3,521,095",0:03:27,34.97%,"4,446,105",1.26
12/3/13,"3,300,401","1,522,717",1.12,"3,691,782",0:03:02,28.57%,"5,018,731",1.39
12/4/13,"3,519,955","1,565,212",1.12,"3,931,293",0:04:31,29.28%,"5,985,036",1.55
12/5/13,"5,446,370","2,471,759",1.12,"6,092,403",0:02:41,30.16%,"8,782,090",1.47
12/6/13,"6,643,296","3,325,189",1.11,"7,347,774",0:02:53,24.48%,"10,142,075",1.41
12/7/13,"4,511,492","2,305,323",1.08,"4,883,833",0:02:53,24.51%,"6,615,474",1.36
12/8/13,"3,640,356","1,752,895",1.08,"3,936,799",0:02:29,26.35%,"5,511,519",1.35
12/9/13,"3,693,474","1,682,071",1.1,"4,074,449",0:04:45,26.50%,"6,075,885",1.51
12/10/13,"4,228,196","1,972,450",1.08,"4,575,497",0:03:06,27.01%,"6,703,571",1.44
12/11/13,"4,203,408","1,798,931",1.1,"4,641,569",0:04:39,27.23%,"6,843,974",1.41
12/12/13,"4,539,822","1,887,461",1.12,"5,062,779",0:03:37,28.53%,"7,077,979",1.4
12/13/13,"4,270,690","1,784,766",1.11,"4,757,195",0:03:38,27.31%,"6,766,890",1.43
12/14/13,"3,502,249","1,533,341",1.08,"3,790,890",0:02:33,26.42%,"5,415,164",1.4
12/15/13,"2,786,927","1,150,891",1.08,"3,020,048",0:04:24,26.85%,"4,611,286",1.55
12/16/13,"3,643,898","1,416,481",1.17,"4,258,901",0:03:24,25.35%,"6,287,867",1.49
12/17/13,"3,442,049","1,444,811",1.09,"3,763,360",0:02:38,39.51%,"5,203,182",1.37
12/18/13,"3,824,499","1,643,118",1.1,"4,203,841",0:02:01,79.53%,"5,891,434",1.41
12/19/13,"3,803,252","1,487,305",1.12,"4,272,666",0:01:49,79.04%,"5,905,199",1.38
12/20/13,"2,914,410","1,239,421",1.09,"3,176,969",0:01:39,79.71%,"4,278,172",1.36
12/21/13,"2,025,568","888,842",1.08,"2,194,146",0:01:30,82.90%,"2,929,199",1.31
12/22/13,"2,379,688","938,419",1.13,"2,681,428",0:01:28,81.11%,"3,510,083",1.31
12/23/13,"3,881,158","1,646,659",1.11,"4,313,961",0:01:34,80.62%,"5,938,235",1.36
12/24/13,"3,519,955","1,402,316",1.09,"3,851,456",0:01:20,80.61%,"5,024,237",1.33
12/25/13,"1,636,036","538,263",1.09,"1,789,454",0:01:41,79.21%,"2,516,248",1.42
12/26/13,"2,082,227","796,771",1.12,"2,337,302",0:01:50,73.94%,"3,386,198",1.45
12/27/13,"2,624,031","1,037,572",1.11,"2,912,681",0:01:29,77.89%,"4,212,100",1.45
12/28/13,"3,658,062","1,505,011",1.1,"4,030,401",0:01:03,80.58%,"5,283,019",1.29
12/29/13,"3,353,519","1,402,316",1.08,"3,631,215",0:01:11,81.66%,"4,644,322",1.29
12/30/13,"3,562,450","1,356,281",1.14,"4,060,684",0:01:46,79.42%,"6,075,885",1.51
12/31/13,"2,659,443","1,019,866",1.12,"2,967,741",0:01:26,79.83%,"3,928,540",1.35
1/1/14,"1,628,953","566,592",1.1,"1,792,207",0:01:53,78.26%,"2,711,711",1.42
1/2/14,"2,755,056","1,147,350",1.1,"3,017,295",0:01:33,79.81%,"4,190,076",1.38
1/3/14,"2,592,160","1,069,443",1.12,"2,912,681",0:01:21,81.41%,"3,986,353",1.4
1/4/14,"2,974,610","1,239,421",1.11,"3,300,855",0:01:35,81.76%,"4,600,274",1.44
1/5/14,"2,613,408","1,108,396",1.1,"2,868,633",0:00:59,81.98%,"3,818,420",1.33
1/6/14,"2,606,325","1,019,866",1.13,"2,951,223",0:01:42,79.74%,"4,190,076",1.38
1/7/14,"3,052,517","1,264,209",1.11,"3,394,457",0:01:31,82.79%,"4,815,008",1.45
1/8/14,"4,217,572","1,579,376",1.12,"4,707,641",0:01:22,82.48%,"6,249,324",1.32
1/9/14,"4,221,114","1,855,590",1.07,"4,525,942",0:01:27,82.47%,"6,117,180",1.37
1/10/14,"2,701,938","984,454",1.11,"2,995,271",0:01:40,79.79%,"4,118,498",1.36
1/11/14,"2,372,606","853,430",1.12,"2,651,145",0:01:21,83.71%,"3,540,366",1.33
1/12/14,"2,202,628","864,053",1.07,"2,364,832",0:01:13,80.99%,"3,504,577",1.47
1/13/14,"2,751,514","1,002,160",1.11,"3,061,343",0:01:37,80.21%,"4,203,841",1.32
1/14/14,"3,353,519","1,239,421",1.13,"3,774,372",0:01:44,79.17%,"5,417,917",1.47
1/15/14,"2,496,548","913,630",1.15,"2,865,880",0:02:01,76.51%,"4,225,865",1.52
1/16/14,"2,446,971","913,630",1.15,"2,810,820",0:01:35,79.47%,"3,752,348",1.36
1/17/14,"2,170,757","779,065",1.15,"2,507,989",0:01:53,80.93%,"3,609,191",1.45
1/18/14,"2,404,477","856,971",1.11,"2,678,675",0:01:32,78.84%,"3,942,305",1.48
1/19/14,"2,163,675","786,147",1.14,"2,458,435",0:01:29,80.43%,"3,295,349",1.34
1/20/14,"1,682,071","594,922",1.15,"1,932,610",0:01:49,79.82%,"2,893,410",1.53
1/21/14,"2,408,018","888,842",1.12,"2,697,946",0:01:26,78.35%,"3,548,625",1.33
1/22/14,"2,751,514","1,090,690",1.13,"3,102,638",0:01:56,79.79%,"4,322,220",1.43
1/23/14,"2,779,844","1,058,820",1.1,"3,069,602",0:01:10,84.54%,"4,107,486",1.29
1/24/14,"2,917,951","1,076,526",1.11,"3,248,548",0:01:06,84.10%,"4,245,136",1.31
1/25/14,"2,029,109","906,548",1.08,"2,194,146",0:01:10,84.84%,"2,843,856",1.31
1/26/14,"2,602,784","1,058,820",1.08,"2,819,079",0:01:00,87.44%,"3,573,402",1.28
1/27/14,"2,060,980","782,606",1.11,"2,290,501",0:01:41,83.15%,"3,097,132",1.3
1/28/14,"1,997,238","718,864",1.15,"2,304,266",0:01:19,82.49%,"3,011,789",1.32
1/29/14,"2,847,127","980,913",1.13,"3,218,264",0:01:45,76.57%,"4,360,762",1.38
1/30/14,"2,956,904","1,051,737",1.13,"3,353,162",0:01:22,79.94%,"4,498,412",1.32
1/31/14,"2,124,722","814,477",1.15,"2,444,670",0:01:24,80.00%,"3,405,469",1.36
2/1/14,"1,671,448","580,757",1.11,"1,861,032",0:01:11,84.41%,"2,477,706",1.33
2/2/14,"2,192,004","803,853",1.11,"2,428,152",0:01:16,84.09%,"3,212,758",1.31
2/3/14,"3,498,708","1,267,751",1.16,"4,046,919",0:00:53,83.73%,"5,040,755",1.24
2/4/14,"3,374,766","1,306,704",1.13,"3,818,420",0:01:36,82.11%,"4,927,881",1.31
2/5/14,"3,017,105","1,288,998",1.1,"3,331,138",0:01:27,79.91%,"4,514,930",1.37
2/6/14,"3,112,717","1,228,797",1.09,"3,386,198",0:01:13,82.11%,"4,267,160",1.28
2/7/14,"3,162,294","1,331,492",1.1,"3,474,294",0:01:13,81.26%,"4,506,671",1.31
2/8/14,"3,151,670","1,189,844",1.13,"3,562,390",0:00:57,85.39%,"4,583,756",1.26
2/9/14,"4,107,795","1,671,448",1.09,"4,481,894",0:01:00,82.15%,"5,729,006",1.32
2/10/14,"6,537,060","2,790,468",1.1,"7,157,817",0:00:55,85.31%,"8,930,753",1.21
2/11/14,"3,973,229","1,632,494",1.09,"4,327,726",0:01:17,81.18%,"5,729,006",1.31
2/12/14,"4,206,949","1,646,659",1.1,"4,625,051",0:01:21,84.30%,"5,998,801",1.32
2/13/14,"4,245,902","1,710,401",1.11,"4,713,147",0:01:26,83.71%,"6,395,234",1.36
2/14/14,"2,808,174","1,087,149",1.12,"3,132,921",0:01:20,83.62%,"4,135,016",1.31
2/15/14,"2,599,243","910,089",1.1,"2,863,127",0:01:11,84.55%,"3,667,004",1.3
2/16/14,"2,585,078","998,619",1.1,"2,838,350",0:01:26,85.29%,"3,744,089",1.35
2/17/14,"2,857,751","1,062,361",1.08,"3,097,132",0:01:22,85.14%,"4,052,425",1.31
2/18/14,"2,443,430","881,759",1.12,"2,730,982",0:01:20,82.77%,"3,823,926",1.37
2/19/14,"2,319,488","874,677",1.1,"2,541,025",0:01:01,85.10%,"3,325,632",1.3
2/20/14,"2,500,089","913,630",1.08,"2,714,464",0:01:10,82.51%,"3,573,402",1.35
2/21/14,"2,131,804","733,029",1.08,"2,312,525",0:01:13,83.00%,"2,918,187",1.3
2/22/14,"1,699,777","609,087",1.08,"1,827,996",0:00:59,85.88%,"2,560,296",1.33
2/23/14,"1,781,225","633,875",1.07,"1,905,080",0:02:03,81.78%,"3,127,415",1.71
2/24/14,"2,503,630","864,053",1.09,"2,733,735",0:01:26,80.83%,"3,702,794",1.35
2/25/14,"3,725,345","1,349,198",1.1,"4,088,214",0:01:19,81.99%,"5,277,513",1.3
2/26/14,"2,882,539","1,044,655",1.11,"3,185,228",0:01:14,80.22%,"4,283,678",1.35
2/27/14,"2,560,290","871,136",1.09,"2,780,536",0:01:29,78.50%,"3,801,902",1.36
2/28/14,"2,670,067","917,171",1.11,"2,973,247",0:02:16,74.88%,"4,286,431",1.46
3/1/14,"1,958,285","665,746",1.1,"2,155,604",0:01:22,75.66%,"3,171,463",1.47
3/2/14,"1,721,025","520,557",1.13,"1,946,376",0:01:28,79.82%,"2,615,356",1.35
3/3/14,"3,243,742","1,150,891",1.14,"3,711,053",0:01:28,79.29%,"5,038,002",1.34
3/4/14,"3,562,450","1,427,105",1.09,"3,870,727",0:01:07,82.71%,"5,032,496",1.29
3/5/14,"2,939,198","1,154,432",1.1,"3,218,264",0:00:57,78.99%,"4,019,389",1.25
3/6/14,"3,417,261","1,356,281",1.12,"3,818,420",0:01:40,82.56%,"4,936,140",1.28
3/7/14,"4,005,100","1,497,929",1.11,"4,451,611",0:01:18,81.94%,"6,230,053",1.42
3/8/14,"2,762,138","1,083,608",1.13,"3,110,897",0:01:22,80.20%,"4,982,942",1.71
3/9/14,"2,110,557","743,653",1.1,"2,315,278",0:00:45,85.17%,"2,978,753",1.28
3/10/14,"2,493,007","885,301",1.09,"2,719,970",0:01:15,83.85%,"3,826,679",1.44
3/11/14,"3,226,036","1,104,855",1.11,"3,578,908",0:01:15,85.26%,"4,922,375",1.28
3/12/14,"2,882,539","1,019,866",1.14,"3,298,102",0:01:17,83.03%,"4,547,967",1.33
3/13/14,"2,241,581","800,312",1.11,"2,480,459",0:01:00,82.71%,"3,364,174",1.3
3/14/14,"2,153,051","655,122",1.11,"2,397,869",0:01:03,82.72%,"3,405,469",1.36
3/15/14,"1,607,706","552,428",1.07,"1,728,888",0:01:14,82.58%,"2,260,218",1.3
3/16/14,"1,834,343","552,428",1.09,"1,993,177",0:01:30,80.46%,"2,904,422",1.42
3/17/14,"2,174,298","683,452",1.11,"2,419,893",0:01:41,79.36%,"3,581,661",1.52
3/18/14,"1,834,343","552,428",1.11,"2,045,484",0:01:27,79.72%,"2,830,091",1.35
3/19/14,"2,248,664","793,229",1.09,"2,458,435",0:01:13,82.56%,"3,298,102",1.3
3/20/14,"3,789,087","1,572,294",1.1,"4,151,534",0:00:55,86.95%,"5,236,218",1.26
3/21/14,"3,013,563","1,204,009",1.09,"3,276,078",0:01:09,79.70%,"4,581,003",1.4
3/22/14,"2,213,252","910,089",1.1,"2,439,164",0:01:35,76.78%,"3,851,456",1.59
3/23/14,"1,721,025","637,416",1.1,"1,896,821",0:01:15,80.04%,"2,989,765",1.56
3/24/14,"3,123,341","1,122,561",1.1,"3,446,764",0:01:29,80.39%,"4,773,713",1.41
3/25/14,"2,900,245","1,069,443",1.09,"3,146,686",0:01:03,82.11%,"4,487,400",1.32
3/26/14,"2,946,281","910,089",1.1,"3,251,301",0:01:39,81.70%,"5,448,200",1.6
3/27/14,"2,057,439","761,359",1.1,"2,262,971",0:01:32,80.28%,"3,686,276",1.7
3/28/14,"2,609,866","895,924",1.1,"2,868,633",0:01:27,82.72%,"3,972,588",1.36
3/29/14,"3,735,969","1,593,541",1.11,"4,135,016",0:01:43,82.19%,"5,852,892",1.42
3/30/14,"3,495,167","1,434,187",1.12,"3,909,269",0:01:23,83.88%,"5,329,820",1.36
3/31/14,"4,695,635","1,770,601",1.15,"5,420,670",0:01:18,82.23%,"7,452,388",1.35
4/1/14,"5,173,697","2,039,733",1.1,"5,712,488",0:01:37,80.61%,"7,991,977",1.41
4/2/14,"3,413,719","1,313,786",1.1,"3,763,360",0:01:13,83.35%,"5,343,585",1.41
4/3/14,"2,779,844","966,748",1.11,"3,086,120",0:01:11,80.50%,"4,220,359",1.33
4/4/14,"2,192,004","757,817",1.1,"2,406,128",0:01:24,85.00%,"3,204,499",1.36
4/5/14,"1,745,813","587,840",1.12,"1,954,635",0:01:29,84.60%,"3,069,602",1.61
4/6/14,"1,781,225","651,581",1.15,"2,045,484",0:02:14,77.47%,"3,490,812",1.82
4/7/14,"2,142,428","750,735",1.09,"2,331,796",0:01:36,80.58%,"3,779,878",1.65
4/8/14,"3,367,684","1,204,009",1.1,"3,705,547",0:01:13,84.23%,"5,106,827",1.34
4/9/14,"3,955,523","1,540,423",1.08,"4,275,419",0:01:23,82.78%,"6,128,192",1.46
4/10/14,"3,891,782","1,604,165",1.08,"4,195,582",0:01:05,84.64%,"5,913,458",1.43
4/11/14,"2,276,993","924,254",1.09,"2,477,706",0:01:15,83.00%,"3,573,402",1.37
4/12/14,"1,536,882","587,840",1.09,"1,668,322",0:01:14,82.80%,"2,422,646",1.46
4/13/14,"1,848,508","602,004",1.16,"2,139,086",0:01:53,80.46%,"3,471,541",1.55
4/14/14,"2,539,042","949,042",1.1,"2,797,054",0:01:29,80.25%,"4,118,498",1.48
4/15/14,"2,967,528","1,069,443",1.11,"3,281,584",0:01:59,80.58%,"4,911,363",1.51
4/16/14,"2,365,523","927,795",1.09,"2,576,814",0:01:42,81.46%,"4,157,040",1.65
4/17/14,"1,905,167","669,287",1.09,"2,084,026",0:01:33,76.53%,"3,210,005",1.5
4/18/14,"2,581,537","987,996",1.09,"2,813,573",0:01:06,81.36%,"3,752,348",1.34
4/19/14,"2,007,862","640,958",1.1,"2,216,170",0:01:23,82.59%,"3,152,192",1.4
4/20/14,"1,802,472","626,793",1.11,"2,006,942",0:01:57,82.19%,"3,317,373",1.75
4/21/14,"2,160,134","736,570",1.11,"2,392,363",0:01:23,77.81%,"3,589,920",1.5
4/22/14,"1,937,038","655,122",1.1,"2,122,568",0:01:15,82.64%,"2,995,271",1.36
4/23/14,"2,202,628","722,405",1.13,"2,491,471",0:02:05,79.37%,"3,876,233",1.58
4/24/14,"2,170,757","810,935",1.13,"2,455,682",0:01:28,83.12%,"3,466,035",1.43
4/25/14,"2,160,134","672,829",1.14,"2,461,188",0:01:42,80.58%,"3,449,517",1.36
4/26/14,"2,011,403","722,405",1.16,"2,331,796",0:01:42,78.88%,"3,223,770",1.41
4/27/14,"2,014,944","637,416",1.12,"2,260,218",0:01:18,81.82%,"3,292,596",1.49
4/28/14,"2,149,510","690,535",1.1,"2,362,079",0:01:20,83.51%,"3,210,005",1.31
4/29/14,"1,735,189","555,969",1.1,"1,905,080",0:01:31,80.48%,"3,050,331",1.48
4/30/14,"3,063,140","1,200,468",1.11,"3,397,210",0:01:43,78.00%,"5,049,014",1.46
5/1/14,"4,146,748","1,859,131",1.09,"4,523,189",0:01:21,80.75%,"6,499,848",1.45
5/2/14,"2,755,056","1,090,690",1.09,"3,003,530",0:01:10,81.01%,"4,184,570",1.41
5/3/14,"1,543,964","577,216",1.14,"1,753,665",0:01:27,83.84%,"2,364,832",1.37
5/4/14,"1,157,973","375,367",1.16,"1,343,467",0:01:54,74.41%,"2,218,923",1.67
5/5/14,"1,975,991","570,134",1.13,"2,232,688",0:01:32,78.61%,"3,314,620",1.46
5/6/14,"2,291,158","686,993",1.12,"2,571,308",0:01:38,80.03%,"3,909,269",1.45
5/7/14,"2,535,501","828,641",1.13,"2,860,374",0:01:18,82.92%,"3,942,305",1.37
5/8/14,"2,546,125","952,584",1.09,"2,777,783",0:01:21,82.04%,"3,994,612",1.39
5/9/14,"2,110,557","761,359",1.11,"2,345,561",0:01:42,81.15%,"3,540,366",1.49
5/10/14,"2,333,653","963,207",1.1,"2,565,802",0:01:51,81.24%,"3,730,324",1.43
5/11/14,"1,898,085","729,488",1.11,"2,106,050",0:01:56,78.32%,"3,207,252",1.58
5/12/14,"2,932,116","1,189,844",1.12,"3,284,337",0:01:45,80.93%,"4,589,262",1.37
5/13/14,"2,925,033","1,299,621",1.1,"3,223,770",0:01:17,82.22%,"4,859,056",1.46
5/14/14,"2,415,100","1,072,984",1.1,"2,651,145",0:01:39,79.71%,"3,945,058",1.52
5/15/14,"2,280,535","860,512",1.11,"2,543,778",0:01:20,82.31%,"3,777,125",1.45
5/16/14,"1,922,873","676,370",1.12,"2,147,345",0:01:58,78.42%,"3,157,698",1.49
5/17/14,"1,349,198","442,650",1.13,"1,525,166",0:01:24,80.05%,"2,329,043",1.49
5/18/14,"1,349,198","442,650",1.14,"1,538,931",0:01:47,77.47%,"2,271,230",1.39
5/19/14,"1,643,118","570,134",1.14,"1,880,303",0:01:25,79.85%,"2,626,368",1.34
5/20/14,"2,383,229","835,724",1.13,"2,695,193",0:01:53,80.58%,"3,950,564",1.41
5/21/14,"2,060,980","796,771",1.11,"2,282,242",0:01:54,81.06%,"3,468,788",1.52
5/22/14,"1,674,989","591,381",1.14,"1,916,092",0:01:10,81.15%,"2,637,380",1.37
5/23/14,"1,522,717","548,886",1.13,"1,715,123",0:01:41,76.86%,"2,560,296",1.41
5/24/14,"1,593,541","552,428",1.15,"1,836,255",0:01:44,77.61%,"2,821,832",1.49
5/25/14,"1,522,717","513,474",1.12,"1,698,605",0:01:41,83.13%,"2,254,712",1.31
5/26/14,"1,416,481","499,310",1.14,"1,610,509",0:01:18,82.64%,"2,202,405",1.35
5/27/14,"2,117,639","704,699",1.11,"2,348,314",0:01:26,80.27%,"3,584,414",1.51
5/28/14,"3,130,423","1,115,479",1.14,"3,554,131",0:01:23,81.08%,"4,919,622",1.37
5/29/14,"2,638,196","987,996",1.1,"2,904,422",0:01:14,82.44%,"3,917,528",1.33
5/30/14,"2,284,076","768,441",1.13,"2,582,320",0:01:43,82.30%,"4,000,118",1.59
5/31/14,"1,869,755","694,076",1.13,"2,108,803",0:01:28,81.01%,"3,132,921",1.48
6/1/14,"2,347,817","913,630",1.14,"2,670,416",0:01:39,80.37%,"3,669,757",1.39
6/2/14,"2,772,762","991,537",1.11,"3,091,626",0:01:53,81.67%,"4,308,455",1.36
6/3/14,"2,893,163","1,062,361",1.11,"3,210,005",0:01:22,79.71%,"4,448,858",1.41
6/4/14,"2,351,359","803,853",1.12,"2,626,368",0:01:27,78.98%,"3,801,902",1.44
6/5/14,"3,222,494","1,260,668",1.12,"3,609,191",0:01:50,79.88%,"5,112,333",1.44
6/6/14,"4,221,114","1,664,365",1.11,"4,682,864",0:01:25,83.67%,"6,659,522",1.45
6/7/14,"3,902,405","1,593,541",1.09,"4,236,877",0:01:52,83.86%,"6,378,716",1.53
6/8/14,"2,910,869","1,179,220",1.12,"3,245,795",0:02:17,81.57%,"4,603,027",1.37
6/9/14,"4,504,410","1,784,766",1.1,"4,947,152",0:01:54,81.89%,"7,160,570",1.47
6/10/14,"4,412,339","1,728,107",1.11,"4,908,610",0:01:57,81.17%,"8,063,556",1.64
6/11/14,"2,988,775","1,129,644",1.12,"3,347,656",0:02:20,79.81%,"5,817,102",1.68
6/12/14,"2,836,503","1,002,160",1.1,"3,113,650",0:01:44,79.29%,"4,878,327",1.54
6/13/14,"3,095,011","1,019,866",1.13,"3,482,553",0:02:17,80.49%,"5,657,428",1.62
6/14/14,"1,777,684","555,969",1.18,"2,097,791",0:01:48,79.73%,"3,347,656",1.59
6/15/14,"1,451,893","382,450",1.19,"1,726,135",0:01:45,79.26%,"2,582,320",1.45
6/16/14,"1,951,203","584,298",1.17,"2,284,995",0:02:22,76.74%,"3,600,932",1.56
6/17/14,"2,319,488","796,771",1.15,"2,673,169",0:02:11,79.07%,"3,730,324",1.4
6/18/14,"1,674,989","520,557",1.11,"1,863,785",0:01:45,81.94%,"2,728,229",1.48
6/19/14,"1,830,802","548,886",1.14,"2,084,026",0:01:45,80.65%,"2,926,446",1.43
6/20/14,"1,501,470","499,310",1.15,"1,723,382",0:02:10,78.44%,"2,477,706",1.46
6/21/14,"1,614,788","421,403",1.16,"1,866,538",0:02:10,76.66%,"2,794,301",1.48
6/22/14,"2,018,486","570,134",1.18,"2,378,598",0:01:43,74.55%,"3,512,836",1.43
6/23/14,"2,117,639","694,076",1.16,"2,458,435",0:02:16,76.22%,"3,614,697",1.49
6/24/14,"2,369,065","708,241",1.14,"2,708,958",0:01:38,79.61%,"3,719,312",1.35
6/25/14,"1,997,238","623,252",1.13,"2,260,218",0:01:56,77.31%,"3,463,282",1.51
6/26/14,"1,604,165","421,403",1.15,"1,847,267",0:01:21,82.18%,"2,400,622",1.27
6/27/14,"2,184,922","690,535",1.12,"2,458,435",0:02:26,82.85%,"3,311,867",1.34
6/28/14,"2,184,922","690,535",1.11,"2,419,893",0:01:22,85.09%,"3,154,945",1.32
6/29/14,"2,170,757","694,076",1.12,"2,441,917",0:02:01,84.62%,"3,570,649",1.55
6/30/14,"1,965,367","754,276",1.12,"2,191,393",0:01:32,84.33%,"2,909,928",1.36
7/1/14,"2,202,628","662,205",1.09,"2,400,622",0:01:28,84.51%,"3,075,108",1.31
7/2/14,"1,951,203","616,169",1.12,"2,177,628",0:02:00,80.81%,"3,366,927",1.58
7/3/14,"1,752,895","563,051",1.11,"1,946,376",0:01:40,82.55%,"2,607,097",1.38
7/4/14,"1,242,962","396,615",1.11,"1,373,750",0:01:45,81.70%,"1,940,869",1.44
7/5/14,"1,232,339","354,120",1.15,"1,420,551",0:01:40,81.30%,"2,031,719",1.4
7/6/14,"1,310,245","446,192",1.1,"1,437,069",0:01:36,77.83%,"2,012,448",1.41
7/7/14,"2,415,100","789,688",1.12,"2,706,205",0:01:36,82.35%,"3,727,571",1.39
7/8/14,"2,528,419","888,842",1.12,"2,827,338",0:01:21,81.85%,"3,565,143",1.25
7/9/14,"2,075,145","768,441",1.12,"2,323,537",0:01:39,83.11%,"3,364,174",1.42
7/10/14,"1,830,802","616,169",1.13,"2,073,014",0:02:00,80.34%,"3,105,391",1.46
7/11/14,"2,220,334","711,782",1.13,"2,499,730",0:01:47,81.02%,"3,518,342",1.37
7/12/14,"1,876,837","594,922",1.14,"2,136,333",0:01:12,82.09%,"2,764,018",1.3
7/13/14,"1,590,000","555,969",1.15,"1,827,996",0:01:19,80.62%,"2,439,164",1.32
7/14/14,"1,466,058","442,650",1.12,"1,646,298",0:01:58,78.28%,"2,444,670",1.53
7/15/14,"1,706,860","520,557",1.12,"1,907,833",0:01:58,80.33%,"2,675,922",1.43
7/16/14,"2,397,394","821,559",1.13,"2,708,958",0:01:25,80.26%,"3,796,396",1.41
7/17/14,"2,121,180","722,405",1.16,"2,452,929",0:01:15,81.96%,"3,234,782",1.33
7/18/14,"1,621,871","474,521",1.18,"1,910,586",0:01:18,79.26%,"2,664,910",1.36
7/19/14,"1,483,764","531,180",1.13,"1,671,075",0:00:56,86.44%,"2,078,520",1.22
7/20/14,"1,175,679","368,285",1.15,"1,354,479",0:02:15,78.59%,"1,982,165",1.43
7/21/14,"1,561,670","563,051",1.13,"1,767,430",0:01:31,80.56%,"2,373,091",1.36
7/22/14,"1,338,575","396,615",1.13,"1,516,907",0:02:13,78.04%,"2,221,676",1.42
7/23/14,"1,561,670","531,180",1.21,"1,894,068",0:02:02,80.00%,"2,708,958",1.45
7/24/14,"2,004,321","648,040",1.18,"2,359,326",0:03:26,79.28%,"3,270,572",1.39
7/25/14,"1,940,579","602,004",1.15,"2,235,441",0:01:19,82.44%,"2,838,350",1.29
7/26/14,"1,933,497","619,710",1.16,"2,238,194",0:01:39,78.32%,"2,992,518",1.34
7/27/14,"1,373,987","470,980",1.13,"1,558,202",0:01:37,82.50%,"2,216,170",1.44
7/28/14,"1,582,918","481,604",1.15,"1,814,231",0:01:36,82.42%,"2,395,116",1.32
7/29/14,"1,356,281","339,955",1.2,"1,629,780",0:02:37,75.87%,"2,397,869",1.53
7/30/14,"1,320,869","460,356",1.15,"1,514,154",0:02:11,80.37%,"2,235,441",1.51
7/31/14,"1,735,189","605,546",1.15,"2,001,436",0:01:52,79.47%,"2,874,139",1.38
8/1/14,"2,677,149","1,147,350",1.14,"3,042,072",0:01:15,83.59%,"3,983,600",1.29
8/2/14,"2,801,091","1,140,267",1.16,"3,243,042",0:01:23,84.17%,"4,223,112",1.28
8/3/14,"2,238,040","747,194",1.15,"2,563,049",0:01:23,83.56%,"3,320,126",1.3
8/4/14,"2,308,864","818,018",1.16,"2,670,416",0:01:21,82.23%,"3,576,155",1.32
8/5/14,"1,940,579","697,617",1.13,"2,188,640",0:01:09,84.79%,"2,857,621",1.24
8/6/14,"1,894,543","708,241",1.13,"2,130,827",0:01:32,84.72%,"2,860,374",1.32
8/7/14,"1,508,552","587,840",1.11,"1,671,075",0:01:49,81.14%,"2,673,169",1.67
8/8/14,"1,398,775","548,886",1.15,"1,605,003",0:02:08,81.46%,"2,744,747",1.77
8/9/14,"1,147,350","414,321",1.15,"1,324,196",0:02:09,81.02%,"2,284,995",1.8
8/10/14,"991,537","350,579",1.12,"1,114,968",0:02:05,84.13%,"1,679,334",1.51
8/11/14,"956,125","290,379",1.12,"1,068,166",0:03:03,83.44%,"1,682,087",1.61
8/12/14,"1,901,626","651,581",1.13,"2,150,098",0:01:37,80.56%,"3,254,054",1.55
8/13/14,"2,117,639","800,312",1.16,"2,450,176",0:01:25,79.77%,"3,386,198",1.39
8/14/14,"1,898,085","655,122",1.13,"2,147,345",0:01:14,84.16%,"3,028,307",1.41
8/15/14,"3,732,428","1,572,294",1.12,"4,176,311",0:01:07,83.81%,"5,384,880",1.29
8/16/14,"2,910,869","1,225,256",1.14,"3,309,114",0:00:57,86.31%,"4,068,943",1.22
8/17/14,"2,234,499","885,301",1.11,"2,488,718",0:01:13,84.07%,"3,457,776",1.36
8/18/14,"2,014,944","733,029",1.12,"2,260,218",0:01:22,84.66%,"3,033,813",1.35
8/19/14,"2,043,274","782,606",1.14,"2,334,549",0:01:35,81.36%,"3,292,596",1.46
8/20/14,"5,506,570","2,956,904",1.1,"6,042,849",0:01:13,84.48%,"7,656,111",1.26
8/21/14,"8,307,662","4,677,929",1.1,"9,164,758",0:01:13,84.09%,"11,639,711",1.25
8/22/14,"4,415,880","2,046,815",1.13,"4,982,942",0:01:20,84.09%,"6,271,349",1.25
8/23/14,"3,757,216","1,547,506",1.12,"4,192,829",0:01:28,83.45%,"5,368,362",1.29
8/24/14,"2,914,410","1,136,726",1.12,"3,276,078",0:01:38,82.59%,"4,253,395",1.32
8/25/14,"2,319,488","881,759",1.1,"2,543,778",0:01:05,84.70%,"3,198,993",1.26
8/26/14,"2,468,218","825,100",1.16,"2,863,127",0:01:46,82.57%,"3,790,890",1.34
8/27/14,"2,315,947","803,853",1.14,"2,648,392",0:01:25,82.35%,"3,793,643",1.37
8/28/14,"1,975,991","683,452",1.12,"2,210,664",0:01:35,82.72%,"2,854,868",1.31
8/29/14,"2,971,069","1,048,196",1.16,"3,438,505",0:01:28,84.96%,"4,454,364",1.3
8/30/14,"3,095,011","1,250,045",1.11,"3,424,740",0:01:13,84.90%,"4,278,172",1.28
8/31/14,"2,914,410","1,041,114",1.15,"3,339,397",0:01:14,84.09%,"4,300,196",1.31
9/1/14,"2,917,951","1,055,278",1.11,"3,226,523",0:01:25,84.10%,"4,124,004",1.3
9/2/14,"3,105,635","1,087,149",1.14,"3,526,601",0:01:12,84.74%,"4,462,623",1.25
9/3/14,"3,063,140","987,996",1.16,"3,543,119",0:01:23,83.52%,"4,630,557",1.33
9/4/14,"2,914,410","966,748",1.15,"3,364,174",0:01:25,83.16%,"4,330,479",1.28
9/5/14,"2,698,396","1,012,784",1.15,"3,105,391",0:01:18,84.38%,"4,055,178",1.29
9/6/14,"2,241,581","779,065",1.12,"2,505,236",0:01:44,81.61%,"3,490,812",1.39
9/7/14,"2,014,944","612,628",1.16,"2,329,043",0:01:17,83.89%,"3,017,295",1.3
9/8/14,"1,632,494","520,557",1.15,"1,869,291",0:01:38,83.90%,"2,565,802",1.39
9/9/14,"2,400,935","934,878",1.15,"2,750,253",0:01:44,83.01%,"3,617,450",1.32
9/10/14,"2,747,973","1,207,550",1.12,"3,077,861",0:02:08,83.91%,"3,934,046",1.28
9/11/14,"2,199,087","743,653",1.14,"2,505,236",0:01:19,83.88%,"3,408,222",1.32
9/12/14,"2,298,241","733,029",1.16,"2,656,651",0:01:32,81.62%,"3,622,956",1.34
9/13/14,"2,000,780","694,076",1.16,"2,326,290",0:01:40,81.43%,"3,020,048",1.32
9/14/14,"1,604,165","502,851",1.17,"1,877,550",0:01:26,81.32%,"2,609,850",1.42
9/15/14,"1,706,860","502,851",1.15,"1,951,882",0:02:05,81.16%,"2,901,669",1.54
9/16/14,"1,940,579","609,087",1.17,"2,276,736",0:01:31,82.58%,"3,055,837",1.33
9/17/14,"2,620,490","949,042",1.15,"3,014,542",0:01:29,83.22%,"3,917,528",1.3
9/18/14,"2,060,980","672,829",1.12,"2,298,760",0:01:17,86.13%,"3,075,108",1.33
9/19/14,"1,724,566","594,922",1.14,"1,965,647",0:01:21,82.88%,"2,615,356",1.33
9/20/14,"1,696,236","644,499",1.14,"1,927,104",0:02:10,80.18%,"2,593,332",1.37
9/21/14,"1,724,566","640,958",1.16,"1,998,683",0:01:31,83.16%,"2,656,651",1.35
9/22/14,"3,077,305","1,405,857",1.09,"3,364,174",0:01:30,84.65%,"4,603,027",1.37
9/23/14,"3,551,826","1,795,390",1.09,"3,873,480",0:01:20,84.37%,"5,071,038",1.28
9/24/14,"3,367,684","1,646,659",1.12,"3,760,607",0:01:13,85.89%,"4,762,701",1.26
9/25/14,"2,291,158","959,666",1.1,"2,519,001",0:00:52,85.25%,"3,042,072",1.22
9/26/14,"2,294,699","984,454",1.13,"2,587,826",0:01:18,84.54%,"3,499,071",1.35
9/27/14,"2,361,982","1,076,526",1.13,"2,659,404",0:01:38,82.56%,"3,391,704",1.28
9/28/14,"2,000,780","789,688",1.14,"2,273,983",0:01:36,82.12%,"3,080,614",1.37
9/29/14,"2,443,430","945,501",1.12,"2,733,735",0:01:24,80.96%,"3,771,619",1.37
9/30/14,"2,900,245","1,154,432",1.16,"3,353,162",0:01:31,81.63%,"4,448,858",1.31
10/1/14,"3,275,612","1,526,258",1.12,"3,661,498",0:01:10,83.08%,"4,784,725",1.3
10/2/14,"2,616,949","1,108,396",1.08,"2,830,091",0:01:22,81.48%,"3,969,835",1.4
10/3/14,"2,369,065","949,042",1.14,"2,706,205",0:01:27,82.07%,"3,716,559",1.37
10/4/14,"2,301,782","1,019,866",1.1,"2,532,766",0:01:23,84.22%,"3,377,939",1.3
10/5/14,"1,802,472","662,205",1.12,"2,020,707",0:01:35,81.09%,"2,689,687",1.35
10/6/14,"2,694,855","1,087,149",1.15,"3,102,638",0:01:21,80.05%,"4,272,666",1.37
10/7/14,"2,432,806","917,171",1.18,"2,865,880",0:01:54,81.21%,"4,192,829",1.44
10/8/14,"2,337,194","867,595",1.14,"2,667,663",0:01:27,80.11%,"3,664,251",1.36
10/9/14,"2,995,857","1,370,445",1.11,"3,314,620",0:01:13,85.58%,"4,294,690",1.3
10/10/14,"3,006,481","1,551,047",1.08,"3,256,807",0:01:03,85.87%,"4,148,781",1.3
10/11/14,"2,358,441","1,193,385",1.09,"2,568,555",0:01:03,86.90%,"3,248,548",1.27
10/12/14,"1,717,483","743,653",1.07,"1,844,514",0:01:08,84.84%,"2,384,104",1.29
10/13/14,"1,713,942","718,864",1.15,"1,973,906",0:01:45,78.14%,"2,750,253",1.42
10/14/14,"1,777,684","655,122",1.14,"2,017,954",0:01:37,82.11%,"2,697,946",1.35
10/15/14,"1,738,731","531,180",1.15,"2,004,189",0:02:07,75.80%,"2,907,175",1.48
10/16/14,"1,745,813","640,958",1.13,"1,965,647",0:01:50,80.18%,"2,664,910",1.35
10/17/14,"1,412,940","467,439",1.17,"1,649,051",0:01:29,81.72%,"2,221,676",1.34
10/18/14,"1,122,561","396,615",1.15,"1,285,654",0:01:44,79.06%,"1,789,454",1.37
10/19/14,"1,448,352","499,310",1.25,"1,805,972",0:02:09,78.82%,"2,640,133",1.45
10/20/14,"1,806,013","580,757",1.23,"2,216,170",0:01:46,79.23%,"3,069,602",1.37
10/21/14,"1,873,296","740,111",1.18,"2,207,911",0:01:31,83.31%,"2,998,024",1.34
10/22/14,"2,163,675","871,136",1.13,"2,441,917",0:01:38,81.74%,"3,419,234",1.35
10/23/14,"2,662,984","1,119,020",1.13,"2,998,024",0:02:18,80.76%,"4,005,624",1.36
10/24/14,"2,383,229","970,290",1.13,"2,700,699",0:01:41,77.95%,"3,851,456",1.43
10/25/14,"1,682,071","598,463",1.14,"1,921,598",0:01:22,80.26%,"2,629,121",1.35
10/26/14,"3,031,270","1,335,033",1.13,"3,430,246",0:01:14,84.42%,"4,355,256",1.29
10/27/14,"2,415,100","1,051,737",1.12,"2,711,711",0:01:30,84.07%,"3,488,059",1.3
10/28/14,"2,436,347","913,630",1.12,"2,725,476",0:02:02,81.95%,"3,906,516",1.4
10/29/14,"2,808,174","1,168,597",1.15,"3,215,511",0:01:30,82.60%,"4,426,834",1.4
10/30/14,"2,829,421","1,274,833",1.12,"3,154,945",0:01:18,83.39%,"4,173,558",1.32
10/31/14,"1,979,532","750,735",1.16,"2,307,019",0:01:24,82.33%,"3,022,801",1.33
11/1/14,"1,678,530","665,746",1.23,"2,059,249",0:01:51,80.72%,"2,797,054",1.38
11/2/14,"1,742,272","609,087",1.12,"1,960,141",0:01:41,79.75%,"2,681,428",1.39
11/3/14,"1,728,107","587,840",1.14,"1,971,153",0:01:19,81.51%,"2,576,814",1.28
11/4/14,"1,614,788","616,169",1.14,"1,836,255",0:01:53,79.58%,"2,750,253",1.5
11/5/14,"1,434,187","449,733",1.16,"1,665,569",0:01:51,79.62%,"2,337,302",1.37
11/6/14,"1,526,258","499,310",1.2,"1,827,996",0:02:02,79.84%,"2,626,368",1.39
11/7/14,"1,430,646","502,851",1.1,"1,577,473",0:01:13,81.57%,"2,122,568",1.33
11/8/14,"1,165,056","424,944",1.17,"1,368,244",0:02:08,82.64%,"1,899,574",1.36
11/9/14,"1,065,902","368,285",1.17,"1,247,112",0:01:58,78.98%,"1,786,701",1.46
11/10/14,"1,083,608","336,414",1.15,"1,244,359",0:01:28,79.20%,"1,701,358",1.36
11/11/14,"1,172,138","389,532",1.12,"1,315,937",0:01:35,81.40%,"1,833,502",1.38
11/12/14,"995,078","318,708",1.15,"1,145,251",0:01:41,78.09%,"1,682,087",1.5
11/13/14,"927,795","361,203",1.15,"1,068,166",0:01:50,81.06%,"1,511,400",1.36
11/14/14,"814,477","254,967",1.23,"1,002,094",0:02:07,77.39%,"1,555,449",1.52
11/15/14,"1,083,608","435,568",1.2,"1,299,419",0:01:27,83.11%,"1,756,418",1.32
11/16/14,"1,250,045","520,557",1.11,"1,387,515",0:01:28,84.18%,"1,797,713",1.27
11/17/14,"931,336","336,414",1.14,"1,062,660",0:01:10,83.33%,"1,340,714",1.29
11/18/14,"1,026,949","400,156",1.14,"1,167,275",0:01:29,84.85%,"1,569,214",1.38
11/19/14,"1,745,813","725,947",1.14,"1,982,165",0:01:34,83.93%,"2,626,368",1.34
11/20/14,"2,330,111","1,087,149",1.08,"2,510,742",0:01:04,85.19%,"3,196,240",1.25
11/21/14,"1,434,187","648,040",1.1,"1,582,979",0:01:06,85.91%,"2,114,309",1.33
11/22/14,"1,494,388","633,875",1.09,"1,632,533",0:01:03,84.82%,"2,097,791",1.26
11/23/14,"1,915,791","864,053",1.11,"2,125,321",0:01:07,85.50%,"2,667,663",1.24
11/24/14,"1,880,379","793,229",1.11,"2,078,520",0:01:03,85.69%,"2,651,145",1.23
11/25/14,"1,908,708","924,254",1.12,"2,144,592",0:00:48,86.45%,"2,648,392",1.23
11/26/14,"2,337,194","1,072,984",1.1,"2,568,555",0:01:03,86.91%,"3,254,054",1.25
11/27/14,"1,582,918","701,158",1.09,"1,728,888",0:01:10,84.63%,"2,293,254",1.32
11/28/14,"1,211,091","478,062",1.11,"1,337,961",0:01:35,81.75%,"1,775,689",1.33
11/29/14,"1,225,256","467,439",1.15,"1,412,292",0:01:35,79.95%,"1,852,773",1.34
11/30/14,"1,299,621","506,392",1.19,"1,544,437",0:01:10,86.01%,"1,951,882",1.24
12/1/14,"1,168,597","481,604",1.17,"1,365,491",0:01:20,83.90%,"1,759,171",1.29
12/2/14,"1,179,220","513,474",1.13,"1,335,208",0:01:32,88.06%,"1,803,219",1.37
12/3/14,"1,111,938","396,615",1.14,"1,266,383",0:01:07,83.52%,"1,684,840",1.34
12/4/14,"1,738,731","786,147",1.12,"1,940,869",0:01:29,80.11%,"2,557,543",1.33
12/5/14,"1,480,223","633,875",1.1,"1,627,027",0:01:18,86.71%,"2,042,731",1.26
12/6/14,"1,505,011","679,911",1.14,"1,709,617",0:01:25,82.82%,"2,229,935",1.31
12/7/14,"2,383,229","1,150,891",1.1,"2,631,874",0:01:03,87.89%,"3,262,313",1.25
12/8/14,"2,298,241","1,172,138",1.05,"2,417,140",0:00:51,89.02%,"2,901,669",1.21
12/9/14,"2,439,889","1,225,256",1.1,"2,675,922",0:01:05,88.23%,"3,289,843",1.22
12/10/14,"1,834,343","842,806",1.11,"2,045,484",0:01:02,87.00%,"2,568,555",1.24
12/11/14,"1,214,633","499,310",1.11,"1,348,973",0:00:57,85.56%,"1,684,840",1.28
12/12/14,"1,175,679","453,274",1.1,"1,291,160",0:00:47,86.58%,"1,525,166",1.2
12/13/14,"1,097,773","424,944",1.1,"1,211,323",0:01:06,87.43%,"1,464,599",1.23
12/14/14,"1,894,543","832,183",1.13,"2,136,333",0:01:17,80.60%,"2,802,560",1.32
12/15/14,"1,540,423","637,416",1.13,"1,739,900",0:01:21,81.87%,"2,196,899",1.3
12/16/14,"1,951,203","849,889",1.15,"2,246,453",0:01:44,87.07%,"2,739,241",1.23
12/17/14,"2,521,336","1,246,503",1.08,"2,719,970",0:00:59,88.15%,"3,221,017",1.19
12/18/14,"2,209,710","987,996",1.1,"2,430,905",0:01:00,86.75%,"2,923,693",1.21
12/19/14,"2,131,804","998,619",1.08,"2,307,019",0:00:46,88.04%,"2,739,241",1.2
12/20/14,"1,200,468","545,345",1.11,"1,337,961",0:00:57,87.00%,"1,668,322",1.26
12/21/14,"1,540,423","701,158",1.11,"1,709,617",0:00:53,87.14%,"2,111,556",1.23
12/22/14,"1,299,621","559,510",1.08,"1,404,033",0:00:37,90.68%,"1,629,780",1.13
12/23/14,"1,104,855","414,321",1.14,"1,266,383",0:01:20,84.59%,"1,632,533",1.27
12/24/14,"1,048,196","396,615",1.12,"1,172,781",0:01:38,83.38%,"1,560,955",1.32
12/25/14,"584,298","187,684",1.1,"641,450",0:01:41,83.43%,"828,655",1.29
12/26/14,"771,982","262,049",1.17,"908,492",0:00:43,85.16%,"1,167,275",1.21
12/27/14,"984,454","354,120",1.1,"1,079,178",0:01:12,83.61%,"1,527,919",1.36
12/28/14,"1,373,987","555,969",1.11,"1,530,672",0:00:59,83.56%,"2,084,026",1.31
12/29/14,"2,372,606","1,058,820",1.1,"2,607,097",0:01:03,85.33%,"3,201,746",1.24
12/30/14,"2,174,298","1,119,020",1.06,"2,309,772",0:01:19,85.76%,"2,976,000",1.28
12/31/14,"1,239,421","478,062",1.1,"1,359,985",0:00:49,86.46%,"1,726,135",1.26
1/1/15,"899,465","315,167",1.17,"1,048,895",0:01:19,81.82%,"1,370,997",1.28
1/2/15,"1,299,621","492,227",1.11,"1,439,822",0:01:30,83.05%,"1,891,315",1.32
1/3/15,"1,405,857","609,087",1.08,"1,514,154",0:01:17,83.37%,"1,957,388",1.29
1/4/15,"1,285,457","517,016",1.11,"1,428,810",0:01:14,86.85%,"1,781,195",1.24
1/5/15,"1,200,468","488,686",1.09,"1,313,184",0:00:50,86.52%,"1,682,087",1.24
1/6/15,"1,211,091","577,216",1.08,"1,304,925",0:00:41,86.41%,"1,577,473",1.23
1/7/15,"1,069,443","417,862",1.1,"1,172,781",0:01:07,81.27%,"1,519,660",1.31
1/8/15,"1,246,503","545,345",1.09,"1,362,738",0:01:15,84.16%,"1,756,418",1.3
1/9/15,"1,140,267","481,604",1.12,"1,274,642",0:01:08,85.28%,"1,627,027",1.3
1/10/15,"938,419","421,403",1.13,"1,059,907",0:01:24,84.28%,"1,362,738",1.31
1/11/15,"1,069,443","449,733",1.06,"1,131,486",0:01:08,85.31%,"1,456,340",1.31
1/12/15,"1,250,045","463,898",1.08,"1,348,973",0:01:10,87.14%,"1,679,334",1.27
1/13/15,"2,670,067","1,338,575",1.06,"2,841,103",0:00:59,86.05%,"3,622,956",1.3
1/14/15,"2,507,172","1,218,174",1.06,"2,651,145",0:00:35,86.92%,"3,201,746",1.2
1/15/15,"2,245,123","1,037,572",1.08,"2,417,140",0:02:02,86.07%,"3,182,475",1.33
1/16/15,"1,267,751","517,016",1.11,"1,415,045",0:00:53,82.71%,"1,775,689",1.25
1/17/15,"1,618,330","612,628",1.14,"1,844,514",0:01:40,85.03%,"2,378,598",1.32
1/18/15,"1,366,904","527,639",1.12,"1,538,931",0:01:28,82.72%,"2,100,544",1.38
1/19/15,"1,278,374","481,604",1.08,"1,382,009",0:01:32,82.82%,"1,863,785",1.35
1/20/15,"1,218,174","463,898",1.16,"1,412,292",0:01:18,83.46%,"1,814,231",1.26
1/21/15,"1,204,009","439,109",1.07,"1,291,160",0:01:04,84.93%,"1,638,039",1.25
1/22/15,"1,168,597","428,486",1.13,"1,324,196",0:01:22,83.16%,"1,778,442",1.34
1/23/15,"1,104,855","424,944",1.14,"1,255,371",0:01:13,81.41%,"1,706,864",1.35
1/24/15,"1,115,479","371,826",1.18,"1,313,184",0:01:43,79.78%,"1,660,063",1.29
1/25/15,"1,505,011","517,016",1.16,"1,742,653",0:01:38,80.08%,"2,406,128",1.43
1/26/15,"1,505,011","517,016",1.13,"1,698,605",0:01:18,85.83%,"2,125,321",1.24
1/27/15,"1,505,011","584,298",1.1,"1,660,063",0:01:09,84.65%,"2,139,086",1.28
1/28/15,"1,165,056","428,486",1.1,"1,282,901",0:01:22,79.01%,"1,924,351",1.49
1/29/15,"1,207,550","499,310",1.12,"1,354,479",0:01:41,81.20%,"1,822,490",1.33
1/30/15,"1,540,423","686,993",1.09,"1,679,334",0:00:57,86.50%,"2,050,990",1.23
1/31/15,"1,593,541","679,911",1.1,"1,756,418",0:01:15,84.27%,"2,293,254",1.3
2/1/15,"1,968,909","818,018",1.11,"2,183,134",0:00:52,85.71%,"2,695,193",1.23
2/2/15,"2,167,216","853,430",1.14,"2,474,953",0:01:06,84.98%,"3,055,837",1.25
2/3/15,"1,561,670","644,499",1.09,"1,701,358",0:01:24,81.25%,"2,229,935",1.36
2/4/15,"1,650,200","686,993",1.09,"1,803,219",0:00:36,87.03%,"2,163,863",1.2
2/5/15,"1,196,927","470,980",1.08,"1,293,913",0:01:00,86.03%,"1,673,828",1.25
2/6/15,"1,143,808","453,274",1.16,"1,326,949",0:01:13,83.73%,"1,866,538",1.41
2/7/15,"1,246,503","495,768",1.11,"1,382,009",0:01:26,84.36%,"1,833,502",1.37
2/8/15,"1,735,189","704,699",1.14,"1,979,412",0:01:27,82.65%,"2,554,790",1.3
2/9/15,"2,298,241","1,072,984",1.13,"2,593,332",0:01:20,83.90%,"3,523,848",1.38
2/10/15,"1,600,624","605,546",1.1,"1,767,430",0:01:07,86.57%,"2,150,098",1.21
2/11/15,"1,487,305","594,922",1.13,"1,676,581",0:01:14,84.60%,"2,053,743",1.25
2/12/15,"1,115,479","449,733",1.07,"1,189,299",0:00:54,83.93%,"1,492,129",1.25
2/13/15,"1,037,572","389,532",1.1,"1,142,498",0:01:09,86.07%,"1,461,846",1.26
2/14/15,"1,806,013","722,405",1.11,"2,004,189",0:01:04,86.40%,"2,485,965",1.24
2/15/15,"1,508,552","616,169",1.1,"1,660,063",0:01:11,88.27%,"2,268,477",1.28
2/16/15,"1,501,470","633,875",1.07,"1,610,509",0:01:10,81.98%,"2,139,086",1.36
2/17/15,"1,292,539","517,016",1.12,"1,442,575",0:01:19,85.26%,"1,841,761",1.3
2/18/15,"1,250,045","442,650",1.14,"1,420,551",0:00:57,86.78%,"1,737,147",1.22
2/19/15,"1,940,579","871,136",1.06,"2,064,755",0:01:11,83.88%,"2,640,133",1.32
2/20/15,"1,724,566","609,087",1.1,"1,891,315",0:01:03,83.90%,"2,403,375",1.28
2/21/15,"1,466,058","506,392",1.13,"1,649,051",0:01:17,83.05%,"2,210,664",1.31
2/22/15,"1,182,762","470,980",1.11,"1,313,184",0:01:05,85.44%,"1,668,322",1.22
2/23/15,"1,310,245","478,062",1.11,"1,448,081",0:01:02,87.53%,"1,792,207",1.25
2/24/15,"1,264,209","520,557",1.06,"1,335,208",0:00:58,85.41%,"1,698,605",1.28
2/25/15,"2,266,370","1,058,820",1.07,"2,419,893",0:00:31,91.22%,"2,744,747",1.13
2/26/15,"1,366,904","573,675",1.11,"1,511,400",0:00:57,86.65%,"1,844,514",1.19
2/27/15,"1,147,350","442,650",1.09,"1,247,112",0:01:07,86.93%,"1,552,696",1.26
2/28/15,"864,053","329,332",1.07,"925,010",0:01:29,82.76%,"1,382,009",1.57
3/1/15,"1,034,031","343,497",1.11,"1,148,004",0:01:44,82.41%,"1,654,557",1.5
3/2/15,"1,593,541","633,875",1.1,"1,750,912",0:01:12,86.46%,"2,205,158",1.27
3/3/15,"1,480,223","584,298",1.08,"1,596,744",0:01:17,82.93%,"2,064,755",1.3
3/4/15,"1,189,844","502,851",1.1,"1,313,184",0:01:04,88.95%,"1,673,828",1.27
3/5/15,"1,483,764","665,746",1.07,"1,580,226",0:01:03,82.77%,"2,078,520",1.31
3/6/15,"1,055,278","410,780",1.08,"1,142,498",0:01:09,85.45%,"1,459,093",1.29
3/7/15,"1,271,292","570,134",1.08,"1,365,491",0:01:05,82.64%,"1,695,852",1.25
3/8/15,"934,878","389,532",1.14,"1,065,413",0:01:47,83.06%,"1,486,623",1.45
3/9/15,"1,214,633","453,274",1.11,"1,348,973",0:01:45,84.51%,"1,781,195",1.38
3/10/15,"1,398,775","648,040",1.06,"1,475,611",0:00:52,86.09%,"1,778,442",1.23
3/11/15,"1,405,857","686,993",1.04,"1,461,846",0:00:25,87.41%,"1,789,454",1.18
3/12/15,"1,207,550","474,521",1.1,"1,324,196",0:01:05,86.36%,"1,698,605",1.26
3/13/15,"1,179,220","506,392",1.08,"1,269,136",0:00:47,83.57%,"1,613,262",1.28
3/14/15,"1,200,468","520,557",1.12,"1,346,220",0:01:04,87.89%,"1,657,310",1.24
3/15/15,"1,770,601","818,018",1.11,"1,968,400",0:00:58,83.99%,"2,563,049",1.26
3/16/15,"1,607,706","761,359",1.11,"1,789,454",0:01:00,84.16%,"2,296,007",1.31
3/17/15,"1,179,220","520,557",1.08,"1,271,889",0:01:08,86.63%,"1,610,509",1.26
3/18/15,"1,568,753","669,287",1.1,"1,723,382",0:00:54,87.45%,"2,133,580",1.23
3/19/15,"1,494,388","747,194",1.05,"1,569,214",0:01:11,83.75%,"1,990,424",1.29
3/20/15,"1,041,114","463,898",1.1,"1,142,498",0:00:47,85.09%,"1,494,882",1.29
3/21/15,"980,913","393,073",1.09,"1,068,166",0:01:22,86.75%,"1,464,599",1.43
3/22/15,"984,454","417,862",1.07,"1,057,154",0:01:02,85.91%,"1,326,949",1.29
3/23/15,"1,225,256","570,134",1.06,"1,299,419",0:01:23,84.74%,"1,805,972",1.41
3/24/15,"1,342,116","619,710",1.05,"1,412,292",0:00:36,86.97%,"1,772,936",1.17
3/25/15,"1,975,991","885,301",1.07,"2,122,568",0:00:56,85.14%,"2,744,747",1.26
3/26/15,"1,359,822","598,463",1.08,"1,464,599",0:01:04,84.30%,"1,916,092",1.26
3/27/15,"1,239,421","527,639",1.05,"1,296,666",0:00:57,85.25%,"1,657,310",1.28
3/28/15,"1,012,784","375,367",1.09,"1,109,462",0:01:03,86.90%,"1,365,491",1.24
3/29/15,"984,454","424,944",1.07,"1,057,154",0:01:36,81.21%,"1,348,973",1.32
3/30/15,"1,246,503","538,263",1.07,"1,340,714",0:00:57,87.30%,"1,662,816",1.21
3/31/15,"973,831","410,780",1.09,"1,062,660",0:00:52,86.67%,"1,321,443",1.21
4/1/15,"786,147","332,873",1.06,"836,914",0:00:35,85.59%,"1,007,600",1.21
4/2/15,"1,593,541","757,817",1.09,"1,737,147",0:01:06,87.37%,"2,031,719",1.17
4/3/15,"1,721,025","771,982",1.07,"1,847,267",0:00:54,86.78%,"2,251,959",1.23
4/4/15,"1,214,633","552,428",1.05,"1,274,642",0:01:39,86.67%,"1,764,677",1.44
4/5/15,"888,842","371,826",1.09,"969,058",0:00:58,90.51%,"1,175,534",1.2
4/6/15,"945,501","364,744",1.1,"1,037,883",0:01:13,84.98%,"1,315,937",1.24
4/7/15,"949,042","442,650",1.05,"999,341",0:00:46,85.82%,"1,211,323",1.2
4/8/15,"1,260,668","534,722",1.09,"1,368,244",0:00:31,88.89%,"1,635,286",1.17
4/9/15,"1,108,396","478,062",1.05,"1,170,028",0:00:58,83.94%,"1,486,623",1.31
4/10/15,"1,069,443","495,768",1.04,"1,112,215",0:00:40,87.58%,"1,321,443",1.18
4/11/15,"1,083,608","509,933",1.03,"1,117,721",0:01:05,86.08%,"1,431,563",1.24
4/12/15,"938,419","382,450",1.05,"988,329",0:01:00,87.10%,"1,269,136",1.23
4/13/15,"938,419","463,898",1.09,"1,021,365",0:01:58,83.74%,"1,591,238",1.61
4/14/15,"984,454","488,686",1.08,"1,068,166",0:01:43,84.05%,"1,500,388",1.45
4/15/15,"747,194","339,955",1.08,"809,384",0:01:02,85.09%,"1,021,365",1.29
4/16/15,"1,090,690","520,557",1.06,"1,150,757",0:00:52,85.85%,"1,470,105",1.23
4/17/15,"722,405","354,120",1.03,"748,818",0:00:31,90.05%,"880,962",1.12
4/18/15,"736,570","315,167",1.06,"784,607",0:00:34,86.43%,"947,034",1.18
4/19/15,"552,428","258,508",1.11,"613,920",0:00:32,87.86%,"773,595",1.16
4/20/15,"1,611,247","715,323",1.07,"1,726,135",0:00:50,86.68%,"2,012,448",1.17
4/21/15,"1,260,668","584,298",1.08,"1,368,244",0:00:44,87.82%,"1,646,298",1.18
4/22/15,"1,175,679","531,180",1.06,"1,244,359",0:00:42,90.03%,"1,470,105",1.19
4/23/15,"1,271,292","655,122",1.06,"1,351,726",0:01:09,87.70%,"1,624,274",1.2
4/24/15,"1,165,056","591,381",1.05,"1,222,335",0:00:28,90.14%,"1,382,009",1.14
4/25/15,"1,225,256","598,463",1.03,"1,269,136",0:00:46,90.22%,"1,489,376",1.17
4/26/15,"779,065","371,826",1.09,"850,679",0:00:41,90.42%,"1,026,871",1.25
4/27/15,"878,218","322,249",1.09,"958,046",0:01:27,84.44%,"1,227,841",1.27
4/28/15,"1,327,951","644,499",1.07,"1,428,810",0:00:54,88.34%,"1,720,629",1.15
4/29/15,"1,416,481","757,817",1.06,"1,494,882",0:00:47,89.10%,"1,739,900",1.18
4/30/15,"885,301","414,321",1.07,"947,034",0:01:09,87.64%,"1,189,299",1.26